Name ,Country ,Sex,Age,University ,Department ,CGPA
Mureil Hookes,Vietnam,M,47,University of Da Nang,Legal,3.76
Raleigh Reedyhough,United States,F,26,Brigham Young University,Human Resources,0.29
Otto Cavil,Russia,M,49,Ivanovo State Textile Academy,Engineering,4.78
Dorothea Giacomo,Portugal,F,20,Universidade de Tras-os-Montes e Alto Douro,Accounting,0.23
Bliss Girault,Venezuela,M,42,Universidad Monteávila,Sales,3.36
Charlotta Stainer,China,M,35,Southern Medial University,Sales,2.77
Quent Cleeve,Indonesia,M,43,Universitas Darma Agung,Engineering,1.01
Phip Cockshoot,Indonesia,M,25,Universitas Pancasakti Tegal,Sales,1.6
Cobby Death,Indonesia,F,43,Universitas Tidar Magelang,Business Development,3.86
Rania Verdie,Lebanon,M,36,Jinan University,Accounting,1.42
Barny Cremer,Russia,F,21,Ural State Conservatory,Marketing,0.25
Sandi Marzelle,China,M,33,Xi'an Academy of Fine Art,Engineering,0.6
Siouxie Dugue,Mexico,F,50,"Universidad Iberoamericana, Campus León",Legal,1.18
Dillon Floyed,Philippines,M,24,Polytechnic University of the Philippines,Research and Development,2.33
Rodrigo Meo,Portugal,F,22,Instituto Superior de Tecnologias Avançadas - ISTEC,Business Development,2.85
Dora Froschauer,China,M,30,China University of Mining Technology - Xuzhou,Training,0.97
Mill Spurgin,Brazil,F,26,Universidade Federal de Mato Grosso,Research and Development,4.75
Marita Foley,Philippines,M,42,San Beda College,Engineering,1.9
Roseann Devil,China,M,40,Southwest Agricultural University,Research and Development,4.73
Arron Gyurkovics,Czech Republic,M,33,University of Economics Prague,Research and Development,1.9
Tiphani Rockhall,Belarus,M,40,Belarussian State University,Support,2.01
Monroe Hynde,Philippines,M,36,Pangasinan State University,Support,2.08
Gustave Tiller,Philippines,M,29,"University of the East, Manila",Product Management,0.51
Enrika Flaune,Philippines,F,30,De La Salle University,Human Resources,3.46
Hephzibah Perico,Argentina,F,20,Universidad Empresarial Siglio 21,Product Management,0.34
John Lamputt,Mexico,F,48,Universidad de Cuautitlan Izcalli,Research and Development,3.45
Sascha Roch,Colombia,M,28,Universidad Nacional de Colombia,Research and Development,2.41
Sigismundo Kernock,Japan,M,32,Kyushu University of Nursing and SocialWelfare,Sales,3.3
Pierrette Bowland,Burundi,F,48,Université du Burundi,Human Resources,3.72
Kip Beatey,Brazil,M,30,Universidade de Taubaté,Accounting,3.82
Valina McAllan,Philippines,M,50,College of the Holy Spirit,Marketing,3.93
Enrico Fullun,China,F,49,Yan Shan University,Research and Development,4.71
Electra McGawn,Palestinian Territory,F,47,University of Palestine,Services,2.43
Clemmy Worpole,Argentina,F,30,Universidad de Flores - Buenos Aires,Research and Development,3.32
Margie Howen,Thailand,M,23,Chiang Mai Vocational College,Legal,4.01
Luke Bricham,China,F,23,Renmin University of China,Human Resources,0.04
Caleb Stanborough,Armenia,F,35,Yerevan State Medical University,Engineering,4.36
Fredek Thain,China,M,26,Chongqing Normal University,Legal,0.7
Teddi Lamburn,Poland,F,23,Pedagogical University of Slupsk,Research and Development,0.56
Dareen Parradice,Indonesia,M,40,Universitas Bunda Mulia Jakarta,Services,2.92
Jonas Dabrowski,Spain,F,37,Universidad de Zaragoza,Services,3.87
Joella Flagg,Syria,F,35,Al-Wataniya Private University,Marketing,4.13
Francesca Sheerman,Malta,F,23,International Tourism Institute,Research and Development,0.25
Gale McCuish,Tunisia,M,22,Université de Jendouba,Product Management,1.53
Mellie Feldmesser,Colombia,F,49,Escuela Superiore de Administración Pública,Services,3.01
Elka Ovendale,Portugal,M,21,Instituto Politécnico de Leiria,Research and Development,3.4
Jacenta Schultz,South Africa,M,20,Rhodes University,Training,3.31
Karna Machans,France,F,26,Université Paris Sud (Paris XI),Product Management,0.98
Madeline Hartill,Reunion,F,26,Université de la Reunion,Support,3.01
Quinta Belamy,France,F,29,Ecole Normale Supérieure de Paris,Business Development,2.5
Ara Colegrove,Poland,F,23,Maritime University in Szczecin,Engineering,0.29
Richmond Twyning,Philippines,M,38,Northwestern University of the Philippines,Training,1.5
Joscelin Louche,Philippines,M,32,Wesleyan University Philippines,Accounting,0.6
Edan Swinnerton,New Zealand,M,21,University of Waikato,Legal,3.55
Bertrand Balderston,Sweden,M,33,Swedish University of Agricultural Sciences,Legal,3.27
Leanna Sigward,Tajikistan,F,26,Tajikistan International University,Human Resources,3.57
Koral Jentzsch,Papua New Guinea,F,27,Divine Word University,Services,4.92
Hobey Hobden,Iran,M,36,Semnan University,Support,0.63
Laurie Beckworth,Indonesia,F,29,Universitas Jayabaya,Services,0.53
Dorothy Gritten,China,F,31,Yangzhou University,Sales,0.62
Honor Moan,China,F,47,South China Agricultural University,Accounting,1.84
Rupert Broinlich,Indonesia,F,31,Universitas Muhammadiyah Magelang,Legal,3.92
Tammi Fotherby,Mongolia,F,50,Mongolian State University of Arts and Culture,Business Development,3.61
Adelle Courvert,Argentina,M,26,"Instituto Nacional de Educación Física ""General Manuel Belgrano""",Engineering,1.29
Silvana Blacklidge,Japan,M,25,Seijo University,Training,2.82
Zed Pyburn,China,M,49,Zhengzhou Grain University,Engineering,1.58
Marianna Stoyle,Argentina,F,22,Universidad Nacional del Nordeste,Marketing,4.29
Kean Goom,China,F,31,Shenyang Institute of Chemical Technology,Business Development,2.33
Chandal Strangwood,Indonesia,M,21,Universitas Muhammadiyah Surakarta,Training,1.63
Paddie Huckstepp,Mauritius,M,26,University of Technology,Marketing,4.75
Halimeda Kiss,Nigeria,M,46,Kano State University of Technology Wudil,Research and Development,3.77
Morty Garthland,China,M,32,Huaihua Radio and Television University,Training,3.81
Carol Vitall,Brazil,M,40,Universidade Católica de Santos,Services,4.28
Oralia Cawthorne,United States,F,31,Oglala Lakota College,Services,3.44
Rhianna Wortt,Serbia,F,30,Privredna Akademija (Business Academy),Training,3.52
Honor McClinton,China,F,24,Northwest Normal University Lanzhou,Engineering,3.41
Foster Eastbury,South Africa,M,43,University of Pretoria,Accounting,1.64
Retha Carryer,China,M,33,Dongbei University of Finance And Economics,Legal,1.95
Jaimie Menco,Benin,M,41,Espam Formation University,Engineering,4.92
Gaby Foden,France,F,48,Ecole Nationale Supérieure des Industries Chimiques de Nancy,Human Resources,2.34
Friederike Brailey,Indonesia,M,39,Institut Teknologi Sepuluh Nopember,Product Management,1.23
Laverna Beric,Greece,M,21,Dimocritus University of Thrace,Support,3.74
Brien Muzzall,Honduras,F,46,Universidad José Cecilio del Valle,Services,2.9
Jacinthe Franken,Japan,F,37,Rakuno Gakuen University,Training,1.27
Rodney Royston,Turkey,F,45,Mugla University,Human Resources,0.95
Lotty Raven,Portugal,M,32,Instituto Politécnico do Cávado e do Ave,Business Development,4.19
Shirleen Olivazzi,Philippines,F,31,University of the Philippines Visayas - Cebu High School,Accounting,4.03
Shea Verdun,Greece,M,38,University of Peloponnese,Legal,2.37
Fin Foyster,Indonesia,M,44,Universitas Trisakti,Training,0.95
Gran Keir,Tunisia,M,30,Université de 7 Novembre à Carthage,Engineering,0.18
Petronia Bromage,Japan,F,39,Nagano University,Business Development,4.66
Darn Howland,Indonesia,F,28,Institut Sains & Teknologi Akprind,Services,1.03
Garvin Kiln,Poland,F,29,"Physical Education Academy ""Eugeniusz Piasecki"" in Poznan",Product Management,2.19
Julianna Reef,Japan,F,50,Niigata University,Legal,1.69
Patrice McClaughlin,Sweden,F,23,Royal lnstitute of Technology,Training,1.06
Andria Biles,Macedonia,M,36,South East European University,Support,3.34
Krisha Scanes,Russia,M,33,Moscow State University of Ecological Engineering,Accounting,1.9
Shannah Wishart,Russia,F,23,Institute of Business and Politics,Human Resources,3.04
Marilyn Stanbridge,China,M,24,Xihua University,Accounting,2.09
Frannie Romaines,Philippines,M,28,Divine Word College of Legazpi,Support,1.55
Ricoriki Kleiser,American Samoa,M,42,Southwest Agricultural University,Marketing,2.69
Roscoe Dummett,Russia,M,48,St. Petersburg State Pediatric Medical Academy,Services,1.42
Raoul Musso,Indonesia,F,41,Universitas Tanjungpura,Human Resources,0.55
Reginald Ivanyushkin,China,M,23,Southeast University,Sales,4.49
Ulrica Langcaster,Philippines,F,40,University of Southern Mindanao,Business Development,1.74
Dela Thorbon,Brazil,F,30,Universidade para o Desenvolvimento do Alto Vale do Itajaí,Product Management,2.88
Elmo Charteris,China,M,23,Ludong University,Human Resources,3.92
Kaia Marrett,Mexico,F,29,Universidad de las Américas - Puebla,Support,4.21
Benedetto Buggs,Ukraine,M,25,Lviv Polytechnic National University,Research and Development,4.63
Julissa Seaborn,Indonesia,F,50,Universitas Katolik Parahyangan,Product Management,0.28
Adamo Crickett,Brazil,M,36,FAAP - Fundação Armando Alvares Penteado,Services,4.32
Nonah Wickie,China,M,27,Zhejiang Gongshang University,Business Development,3.29
Gunter Fittis,Guinea,M,39,Université Thierno Amadou Diallo,Legal,3.65
Florie Klesel,Russia,M,25,Kamchatka State University Vitus Bering,Business Development,2.57
Karissa Liddyard,Armenia,M,31,European Regional Educational Academy of Armenia,Business Development,1.08
Javier Bowness,Philippines,F,44,Philippine Women's University,Accounting,1.75
Dolph Gatherer,Ukraine,F,23,Luhansk State Medical University,Engineering,4.1
Clarita Lequeux,China,F,31,Xiangtan University,Legal,2.95
Curt Kinnerley,China,F,23,Shanghai Second Polytechnic University,Marketing,3.06
Ardis Mawman,Russia,M,32,Smolensk Humanitarian University,Training,2.11
Lorne Folshom,Colombia,F,26,Fundación Universitaria San Martín,Human Resources,1.73
Grange Pellatt,Brazil,M,28,Universidade Federal do Ceará,Training,4.4
Rica Dicte,Indonesia,F,30,Universitas Sumatera Utara,Support,3.06
Joseito Regglar,China,F,24,Huaihai Institute of Technology,Research and Development,3.47
Lowell Bastick,Russia,F,21,Izhevsk State Technical University,Product Management,3.99
Natka Swinden,Chile,F,42,Universidad del Pacífico,Legal,4.14
Arda Forker,Portugal,F,27,Universidade Lusiada,Sales,0
Daveen Jeste,Mexico,F,44,Universidad Autónoma de Zacatecas,Business Development,1.72
Marlyn Goalley,Cameroon,M,30,Université de Yaoundé II,Sales,4.44
Sharl Rosenbaum,Indonesia,F,37,Universitas Dian Nuswantoro,Support,1.42
Julius Zanetti,Panama,M,25,Columbus University,Business Development,1.97
Crosby Gilogly,Indonesia,F,49,Universitas Tadulako,Support,0.65
Kipp Eyckel,United States,F,34,College of the Ozarks,Business Development,4.24
Hurleigh Hymus,Morocco,F,21,Institut National des Postes et Télécommunications,Product Management,0.44
Nike Mascall,France,M,37,Université de La Rochelle,Business Development,4.4
Keenan Calton,China,F,23,Hunan University,Sales,2.47
Wilona Gayforth,Russia,M,38,Modern Institute of Managament,Engineering,1.5
Muffin Blitz,Mexico,M,42,Benemerita Universidad Autónoma de Puebla,Services,2.6
Gayleen Gilcrist,Comoros,M,25,Portland Community College,Human Resources,0.27
Nelia Ewebank,Russia,M,31,Cheljabinsk State Institute of Teacher Training,Support,4.25
Jesse Dyerson,Russia,F,30,Orenburg State University,Accounting,0.42
Ariel Debill,Indonesia,F,21,Universitas Negeri Gorontalo,Engineering,4.25
Andriana Pugh,China,F,33,Shanxi University,Business Development,0.13
Ephrayim Lyste,China,M,26,Beijing University of Science and Technology,Legal,4.79
Ina Scheffler,Indonesia,M,27,Universitas Islam Bandung,Engineering,1.87
Vanessa Mattheissen,Indonesia,M,33,Politeknik Negeri Semarang,Marketing,1.09
Paolina Thys,China,M,44,Liaoning Normal University,Business Development,1.57
Ralf Mangon,Russia,F,36,Kazan State University of Technology,Research and Development,3.01
Cindy Cowie,Estonia,M,39,Estonian Academy of Music and Theatre,Business Development,2.56
Honoria Heighton,China,M,22,Shanghai Second Polytechnic University,Training,4.14
Patten Brakespear,Brazil,M,26,Universidade Luterana do Brasil,Services,1.84
Maximilien McMurthy,France,F,40,Ecole Nationale Supérieure de Chimie de Lille,Legal,1.17
Aggie Silver,China,F,21,Dalian University,Services,4.53
Yvonne Marrison,Armenia,M,21,Mehrabyan Medical Institute and Medical College,Engineering,1.15
Antoni Schimmang,Japan,F,34,United Nations University,Human Resources,4.59
Rivalee Roaf,Indonesia,F,27,Universitas Kristen Indonesia Tomohon,Research and Development,4.7
Erastus Pollie,China,M,20,Ningxia University,Engineering,0.97
Uriah Coote,China,M,20,Hainan University,Human Resources,3.22
Wilie Fathers,Portugal,F,43,Instituto Politécnico do Cávado e do Ave,Training,2.54
Rianon Sustin,Philippines,M,38,Foundation University,Sales,3.89
Demeter Le Brun,China,F,23,Zhejiang Sci-Tech University ,Marketing,1.8
Dorise Hollingdale,Russia,F,42,Volga State Academy of Water Transport,Engineering,0.28
Dorelia Shevlin,Philippines,M,38,Angeles University,Sales,3.75
Ceil Beaty,Argentina,F,31,Universidad Nacional de Catamarca,Support,2.92
Elita Kibbye,Ireland,M,33,National College of Ireland,Accounting,3.78
Byran Gabriel,Russia,F,29,St. Petersburg State Technological University of Plant Polymers,Engineering,1.96
Ham Knell,Poland,M,49,Agricultural-Technical Academy in Olsztyn,Support,1.69
Winifred Bletcher,Benin,M,29,Houdegbe North American University Benin,Services,4
Alameda Levermore,Poland,M,34,Nicolaus Copernicus University of Torun,Legal,1.18
Monti Poe,Cambodia,M,50,Build Bright University,Services,4.4
Angeline Everton,Russia,F,25,Perm State Academy of Agriculture,Services,2.16
Alyss Benedict,China,F,38,Yantai University,Sales,1.64
Elga Abramchik,Serbia,M,38,European University,Marketing,0.23
Tiffany Spier,China,M,25,Nanchang University,Accounting,2.18
Olive Domel,Myanmar,F,21,Mandalay Technological University,Training,4.27
Blaine Knapman,Russia,M,38,Siberian State Medical University,Product Management,3.58
Devlin Cremen,Brazil,M,31,Universidade Santa Cecília dos Bandeirantes,Marketing,3.26
Mickey Churchman,Brazil,M,48,Universidade Federal de Alagoas,Business Development,0.17
Clifford Parminter,Nepal,M,28,B.P.Koirala Institute of Health Sciences,Marketing,2.95
Heddie Cecchetelli,Russia,M,36,Don State Agrarian University,Accounting,3.01
Anne-marie Langer,Portugal,M,28,Instituto Politécnico de Portalegre,Support,0.44
Christian Jamrowicz,Czech Republic,M,36,University of Education Hradec Kralove,Support,3.09
Janenna Magner,China,M,24,Zhejiang Normal University,Sales,3.66
Becki Iashvili,Malawi,M,48,University of Livingstonia,Research and Development,4.09
Lynea Saddington,Paraguay,F,38,Universidad Americana,Training,2.26
Lesley Bartczak,Russia,M,46,Adygeja State University,Research and Development,2.93
Heinrik Cradock,China,M,38,Sichuan Fine Art Institute,Business Development,2.83
Luce Ranger,Thailand,M,24,Mahanakorn University of Technology,Marketing,1.56
Jocelyne Paull,Cape Verde,F,47,Universidade Jean Piaget de Cabo Verde,Legal,0.52
Abagael Dansie,Poland,F,24,Pedagogical University of Krakow,Sales,0.61
Neila Dewsbury,Malaysia,M,24,"Institute of Teachers Education, Kota Bharu",Support,0.07
Fulton Janman,China,F,44,Shenyang University,Marketing,0.07
Sigismondo Faloon,Sweden,F,23,University College of Gävle,Product Management,2.33
Gram Cattonnet,Liberia,M,40,University of Liberia,Training,2.23
Maurise Panther,Indonesia,F,22,Universitas Negeri Malang,Engineering,0.37
Tommie Wiskar,Morocco,F,48,Université Hassan II - Aïn Chock,Human Resources,0.63
Peg Lerhinan,Russia,F,43,Gnesins Russian Academy of Music,Engineering,3.39
Else Terbrugge,Estonia,M,39,Estonian Academy of Arts,Marketing,4.81
Kelci Bedells,Egypt,F,36,Benha University,Business Development,2.67
Ruthy Bortolussi,Indonesia,F,27,Universitas Katolik Widya Manadala,Engineering,2.54
Tabby Redgewell,United States,M,50,Winthrop University,Engineering,0.98
Annice Gilbee,Eritrea,M,39,Eritrea Institute of Technology,Product Management,3.24
Stacy Portchmouth,Russia,F,21,"Moscow State Institute of Radiotechnics, Electronics and Automation (Technical University)",Marketing,2.17
Nonah Audenis,Philippines,F,26,Isabela State University,Marketing,0.94
Rafaello McCandless,South Africa,F,31,Vaal University of Technology,Support,2
Poppy Goodwill,Vietnam,M,41,Posts & Telecommunications Institute of Technology,Engineering,1.4
Celie Earsman,China,F,47,Wuhan University of Technology,Sales,2.01
William Kuschke,Philippines,M,34,Lyceum of the Philippines University,Accounting,2.87
Lou Vizard,South Africa,F,50,University of South Africa,Product Management,3.79
Josselyn Larking,Azerbaijan,F,45,Baku State University,Engineering,3.88
Samson Pampling,Indonesia,M,20,Universitas Muhammadiyah Magelang,Product Management,0.74
Richie Liversage,Thailand,F,49,University of the Thai Chamber of Commerce,Research and Development,2.46
Junia Van't Hoff,Venezuela,F,31,Universidad de Oriente,Business Development,4.5
Meggy McAirt,United States,M,46,College of Idaho,Marketing,3.53
Nyssa Wasbrough,Russia,M,45,Moscow State University of Technology (Stankin),Legal,0.72
Alastair Straffon,China,F,34,Tsinghua University,Training,4.22
Clemens Wanek,China,F,49,Capital Normal University,Product Management,2.42
Giffer Tonner,Poland,F,45,Fine Arts Academy in Poznan,Human Resources,1.89
Gloria Welfair,China,F,32,Jingdezhen China Institute,Research and Development,1.84
Alica Carrell,Nigeria,M,26,Redeemers University,Research and Development,3.4
Danny Eccott,China,M,22,Northeast Agricultural University,Business Development,3.49
Sharlene Huscroft,Russia,M,20,Omsk State Medicical Academy,Business Development,1.98
Allys Duffer,Philippines,M,36,Philippine Christian University,Sales,1.23
Latisha Herculeson,Ukraine,F,35,Donetsk State Medical University,Accounting,0.15
Dawna Castenda,Indonesia,M,46,Universitas Pendidikan Indonesia,Product Management,0.83
Auroora Bixley,Finland,F,31,University of Helsinki,Research and Development,1.17
Bartholomeo Mattingly,Latvia,M,39,Riga Teacher Training and Educational Management Academy,Sales,0.17
Beniamino Heyfield,China,M,21,East China Normal University,Research and Development,2.25
Grant Botham,Indonesia,F,23,Universitas Mahendradatta,Product Management,2.82
Nedda Beake,Philippines,F,42,University of Manila,Marketing,0.02
Ermanno Ingraham,Indonesia,F,21,Universitas 17 Agustus 1945 Cirebon,Sales,3.46
Mordecai Ullyott,China,M,39,Hebei Medical University,Marketing,4.91
Ajay Kleinlerer,Czech Republic,M,23,Prague International University,Accounting,1.21
Oswell Common,Czech Republic,F,28,University of New York in Prague,Accounting,0.09
Jelene Galloway,Argentina,M,44,Universidad Nacional de Formosa,Engineering,3.69
Toma Rene,Indonesia,M,27,Universitas Bunda Mulia Jakarta,Marketing,1.08
Mathian Rosie,Sweden,F,30,Jönköping University College,Legal,1.31
Vina Minnis,Dominican Republic,F,37,Universidad Católica Tecnológica del Cibao,Training,5
Melvin Scandrite,Russia,F,49,Saratov State Socio-Economic University,Sales,2.75
Wanids Jarrad,Japan,M,44,Ishinomaki Senshu University,Business Development,0.36
Perri Goublier,Czech Republic,F,43,Anglo-American University,Services,3.02
Evey Adam,China,M,31,Hebei Academy of Fine Art,Engineering,0.12
Bartie Goman,Greece,F,24,University of Peloponnese,Accounting,0.28
Willie Bernade,Martinique,F,29,Université des Antilles et de la Guyane,Training,0.7
Veronike Muddimer,China,M,50,Shanxi Normal University,Business Development,3.76
Shena Lines,United States,M,42,Black Hawk College,Business Development,0.53
Eugene Philp,Micronesia,F,49,Huron University,Research and Development,4.69
Trixi Lachaize,Russia,F,44,Kursk State Medical University,Research and Development,4.14
Adlai Boog,China,M,38,Guangxi University,Business Development,1.3
Josselyn Spellward,China,M,43,Chinese People's Public Security University,Engineering,1.76
Abagail Simmens,Israel,F,41,Shenkar School of Engineering & Design,Marketing,3.55
Ally Stinchcombe,Russia,M,44,Tyumen State University of Gas and Oil,Product Management,3.35
Shea Buncom,United States,M,23,Phillips University,Services,1.4
Kris Danielsson,Indonesia,M,48,Universitas Ibn Khaldun Bogor,Engineering,4.49
Doralynn Mensler,Tajikistan,F,40,Tajikistan International University,Training,0.93
Isa Deport,France,M,45,Institut Textile et Chimique de Lyon,Marketing,4.8
Reid Duthy,Egypt,F,29,American University in Cairo,Services,1.23
Farrell De Gouy,Ukraine,M,50,National University of Food Technologies,Training,2.41
Coretta Pestricke,Malaysia,F,36,KBU International College,Engineering,0.96
Haydon Nattriss,China,M,32,Hunan University,Accounting,1.69
Tarra Thumann,Pakistan,F,43,University of East,Training,1.53
Carina Rogier,United States,M,35,West Coast University,Marketing,0.92
Daron Siebart,Croatia,F,27,University of Pula,Services,4.67
Rees Hempshall,United States,M,44,St. Olaf College,Legal,0.84
Jarred Golding,Sweden,M,30,Chalmers University of Technology,Product Management,2.09
Meredith Priest,Namibia,F,22,International University of Management,Accounting,4.55
Sonia Feaks,China,F,25,Xi'an Academy of Fine Art,Sales,4.74
Annette Hobden,Bosnia and Herzegovina,F,25,University of Sarajevo,Accounting,3.78
Maudie Howsego,Indonesia,M,39,Universitas Merdeka Madiun,Engineering,3.56
Barbara-anne Jedryka,Indonesia,F,42,Universitas Pancasila,Accounting,1.01
Dorolice Dallimore,Japan,F,22,Poole Gakuin University,Services,1.96
Dulcinea Newe,Costa Rica,M,27,University for Peace,Services,2.85
Innis Tarte,South Africa,M,50,Rhodes University,Services,0.15
Iormina Loachhead,Japan,F,40,Niigata Sangyo University,Accounting,0.63
Pet Darrow,Norway,M,20,Molde University College,Services,4.62
Reggy Boyes,Indonesia,F,46,Universitas Advent Indonesia,Research and Development,1.96
Manuel Wrightem,Philippines,F,48,University of Regina Carmeli,Product Management,1.26
Nicholas Smidmor,South Korea,M,31,Duksung Women's University,Engineering,2.87
Sigrid Lopes,Philippines,F,46,University of the Cordilleras,Support,1.81
Cassie Zannotelli,Sweden,M,50,Stockholm Institute of Education,Support,0.66
Berkie Hook,Brazil,F,34,Universidade Federal Fluminense,Research and Development,3.29
Anne Humerstone,China,M,42,Shanghai Ouhua Vocational Technical College,Engineering,1.39
Francklin Balsdon,Norway,M,28,Norwegian University of Life Sciences,Legal,1.98
Ansel Hillan,China,F,32,Shenyang Polytechnic University,Accounting,2.52
Hoebart Chopin,South Korea,M,35,Catholic University of Korea,Support,0.31
Trstram Goodred,Indonesia,F,22,Universitas Komputer Indonesia,Training,3.76
Cale Yallop,Liechtenstein,M,50,Universität Liechtenstein,Services,3.06
Constantino Postle,China,F,29,Hunan Agricultural University,Research and Development,3.98
Elnar Bartleman,Poland,M,23,Lazarski School of Commerce and Law,Human Resources,1.31
Kass Trahair,Nigeria,F,48,University of Mkar,Legal,0.19
Vanna Issard,China,M,24,Yanbian University,Research and Development,2.64
Konstance Rustedge,Philippines,F,47,Adamson University,Legal,1.45
Colan Yurshev,Poland,M,20,Technical University of Zielona Gora,Marketing,0.18
Shandeigh Rolfini,France,F,22,Ecole Nationale Supérieure d'Electronique et de Radioelectricite de Bordeaux,Business Development,1.39
Nell Standish-Brooks,Colombia,F,20,Escuela Colombiana de Ingeniería Julio Garavito,Research and Development,1.13
Clerkclaude Pople,Portugal,M,38,Academia Nacional Superior de Orquesta,Business Development,0.95
Andrei Curness,Thailand,M,39,Mae Fah Luang University ,Training,3.84
Darbie Gurrado,French Polynesia,M,42,Université de la Polynésie Française,Training,0.85
Sarena Emmens,Brazil,F,46,Universidade Estadual do Vale do Acaraú,Business Development,4.14
Florie Bummfrey,Mexico,F,40,Universidad Autónoma de Chihuahua,Sales,4.59
Isobel Gooderridge,Bangladesh,M,31,Brac University,Training,1.53
Sherwin Dowzell,Uruguay,F,30,Universidad ORT Uruguay,Marketing,0.39
Adiana Moxson,Philippines,M,21,Central Luzon State University,Training,2.03
Fayre Kelleher,Portugal,M,29,Instituto Politécnico de Coimbra,Legal,1.79
Lilyan Metzel,Finland,M,36,Central Ostrobothnia University of Applied Sciences,Product Management,4.8
Antonie Boyan,China,F,40,China Three Gorges University,Engineering,0.78
Kip Yanele,Mexico,F,42,Universidad Pedagógica Nacional,Business Development,2.66
Gusty Perrottet,Indonesia,M,36,Universitas Madura,Accounting,1.97
Vivia Nethercott,Russia,F,28,Moscow State University of Commerce,Accounting,1.59
Eduardo Hanning,Russia,M,27,Maxim Gorky Institute of Literature,Services,2.17
Orran West,Czech Republic,M,28,Cevro Institut College,Business Development,5
Christabella Cristoferi,Russia,M,40,"St. Petersburg State University of Information Technologies, Mechanics and Optics",Business Development,3.12
Lenna Kall,Tunisia,M,48,"Université du Centre, Sousse",Business Development,3.37
Nicolina Allebone,Bulgaria,F,35,"National Academy for Theatre and Film Arts ""Krustju Sarafov""",Business Development,0.53
Dodie Devonside,Japan,M,48,Tottori University of Environmental Studies,Business Development,4.46
Conrad Gallagher,Andorra,F,33,University of Andorra,Product Management,3.32
Norry O'Corr,Indonesia,F,34,Universitas Paramadina Mulya,Accounting,3.17
Duke MacFadzan,Indonesia,M,34,Universitas Gadjah Mada,Engineering,1.27
Nora Drei,Russia,F,32,Cheljabinsk University of Agricultural Engineering,Services,0.59
Kyle Rime,France,F,43,Ecole Supérieure d'Electricité,Engineering,1.67
Cati Corkish,China,M,22,South China University of Technology,Legal,3.75
Jerry Banasevich,Colombia,M,44,Corporación Universitaria Tecnológica de Bolivar,Research and Development,2.58
Ethelind Snowsill,Czech Republic,F,31,University of Jan Evangelista Purkyne,Marketing,3.84
Kathye Durham,Kenya,F,29,Technical University of Mombasa,Training,0.17
Tine Matthieson,China,F,32,Southwest Jiaotong University,Legal,2.36
Laney Lockless,Israel,M,25,Weizmann Institute of Science,Marketing,1.19
Jephthah Pumfrey,China,M,34,Liaoning Technical University,Marketing,3.49
Agnella Otridge,Russia,M,38,Ulyanovsk State Pedagogical University,Engineering,2.78
Orland Clouter,Brazil,M,26,Universidade Estadual de Ponta Grossa,Sales,3.2
Lock Delacourt,China,F,25,Zhengda Software College,Sales,0.76
Camila Vidgen,Ukraine,M,22,National University of Kiev-Mohyla Academy,Legal,3.49
Helen-elizabeth Duxfield,Indonesia,F,22,Universitas Komputer Indonesia,Sales,2.15
Giffy Dunton,China,M,41,Shanxi Normal University,Sales,3.01
Britni Spaight,Thailand,M,48,Siam University,Training,1.02
Kippie Crean,France,F,22,Ecole Nationale des Sciences Géographiques,Legal,2.04
Colas Edgeson,China,F,40,Shanghai Second Polytechnic University,Accounting,0.29
Liam Togwell,France,M,36,Université Denis Diderot (Paris VII),Business Development,4.52
Haywood Wenham,China,M,50,Southwest Forestry University,Business Development,3.83
Erika Escoffrey,Madagascar,F,34,Université de Toamasina,Business Development,1.13
Clemmy Jelkes,Kuwait,F,48,American University of Middle East,Accounting,3.81
Tirrell Dangerfield,Brazil,F,44,Faculdade Italo Brasileira,Human Resources,2.5
Rozella Chitson,Philippines,F,49,Samar State University,Legal,0.73
Sacha Vallentin,Indonesia,F,50,Universitas Sebelas Maret,Engineering,0.94
Sam Crevy,Brazil,F,26,Universidade do Sagrado Coração,Product Management,4.91
Daren Geibel,Albania,M,24,"University of Shkodra ""Luigj Gurakuqi""",Services,0.87
Timmy Clark,Latvia,M,28,Latvian Academy of Arts,Accounting,2.98
Marven Yanyushkin,Thailand,F,32,"Webster University, Thailand",Human Resources,3.3
Clarie Hurle,Indonesia,M,46,Universitas Islam Bandung,Research and Development,1.04
Maddy Castaneda,South Africa,F,25,University of KwaZulu-Natal,Human Resources,0.6
Agneta Grainge,China,M,35,Hebei United University,Sales,4.14
Lorie Gillivrie,Tajikistan,M,28,Tajik Agrarian University,Marketing,3.03
Padraic Chene,Russia,M,34,East-Siberian State University,Business Development,2.32
Darb Harcourt,Poland,F,24,Aleksander Gieysztor School of Humanities in Pultusk,Research and Development,0.19
Jolynn Cuerda,Chile,M,29,Universidad Adolfo Ibáñez,Support,3.12
Orson Innman,China,F,50,Guangdong Radio & TV University,Product Management,1.14
Hugh Arkle,Cameroon,F,39,Université de Bamenda,Support,1.62
Ruperta Melmar,Poland,M,50,Ryszard Lazarski University of Commerce and Law in Warsaw,Support,2.46
Trixy Dawidowitz,Indonesia,F,24,Universitas Islam Nusantara,Accounting,0.01
Abie Weare,Brazil,F,26,Universidade Católica de Pelotas,Marketing,3.33
Bradan Faier,Mongolia,M,25,Orkhon University,Research and Development,1.5
Daisie Vasyagin,China,M,25,Shaanxi Normal University,Human Resources,4.13
Tish Antonin,Czech Republic,F,38,"Academy of Performing Arts, Film and TV Fakulty",Support,1.09
Roby Kellie,Russia,F,41,Rybinsk State Academy of Aviational Technology,Accounting,2.64
Perrine Antoniak,China,M,28,Shihezi University ,Research and Development,0.37
Gilberto Stannah,Ethiopia,M,24,Addis Ababa University,Research and Development,3.58
Jaquith Calam,Nigeria,F,33,Al-hikmah University,Sales,1.07
Ewan Toolin,Poland,F,46,University of Insurance and Banking in Warsaw,Research and Development,3.33
Zelda Tissier,Nepal,M,37,Tribhuvan University Kathmandu,Support,1.86
Ursola Malarkey,Iran,M,48,University of Science and Culture,Services,0.13
Nil Juschke,Poland,F,25,Cardinal Stefan Wyszynski University in Warsaw,Accounting,0.54
Lynna Chander,Russia,M,30,Tomsk State University of Architecture and Building,Product Management,4.77
Lowrance Rust,Poland,F,49,Catholic University of Lublin,Research and Development,0.72
Jemimah McHenry,Indonesia,F,41,Universitas Wijaya Kusuma Surabaya,Research and Development,0.44
Mel Vials,Russia,F,41,Volgograd State University of Architecture and Civil Engineering (VolgGASU),Engineering,4.96
Cally Moniker,Morocco,F,47,Université Mohammed V - Souissi,Marketing,2.72
Vince Cromar,Indonesia,M,31,Universitas Katolik Soegijapranoto,Sales,1.39
Ev Bremen,China,M,24,Nanjing Agricultural University,Legal,3.86
Claudette Stemp,Thailand,M,38,Srinakharinwirot University,Accounting,0.64
Aeriela Eck,Canada,F,27,University of Québec,Product Management,2.89
Chadwick Buntin,Belarus,M,22,Gomel State University Francisk Scarnia,Services,3.64
Izabel Cianni,Portugal,M,34,Universidade Lusófona de Humanidades e Technologias,Business Development,1.26
Meredeth Rheaume,Canada,F,45,Université du Québec en Abitibi-Témiscamingue,Marketing,1.91
Araldo Hitzmann,Indonesia,M,38,Universitas Negeri Yogyakarta,Product Management,4.74
Donnamarie Scriver,Ukraine,F,38,Kherson State University,Engineering,4.15
Terza Starford,Mongolia,F,24,University of the Humanities,Training,4.5
Zia Crosthwaite,China,M,38,Southwest University of Political Science and Law,Business Development,0.78
Claresta Lehrmann,France,M,46,Université de Poitiers,Accounting,1.17
Calhoun Von Der Empten,Ukraine,M,40,Odessa State Academy of Construction and Architecture,Accounting,2.23
Mortie Selwyne,Mexico,F,27,Universidad del Centro de México,Research and Development,2.62
Linoel Oakenfall,Brazil,M,37,Faculdades Integradas Curitiba,Business Development,0.52
Bernie Bessom,Russia,F,30,Moscow State Institute of Steel and Alloys,Research and Development,0.31
Colas Edge,Laos,F,50,Soutsaka Institute of management and Technology,Sales,3.14
Odella Foard,Brazil,F,45,Universidade Federal de Ouro Preto,Product Management,3.36
Rozanne Bartoloma,Philippines,F,24,University of the Philippines Open University,Services,3.52
Sibylle Tattershall,China,F,39,Central South Forestry University,Training,2.67
Guendolen Yurshev,China,F,25,Anhui University of Traditional Chinese Medicine,Product Management,1.19
Cinnamon Stolting,China,F,38,Liaoning Technical University,Accounting,0.73
Gillan Caberas,France,F,29,Ecole Nationale Supérieure de Physique de Strasbourg,Engineering,0.57
Torrence Tynnan,Philippines,M,41,Foundation University,Services,0.64
Conney Friend,Indonesia,F,32,Universitas Simalungun,Accounting,3.87
Lidia Horrod,United States,F,20,St. John's University,Support,1.17
Oliy Skoate,Croatia,F,45,University of Osijek,Human Resources,1.66
Annnora Hayer,Mexico,F,24,Universidad Motolinía del Pedregal,Marketing,1.24
Bancroft Como,Brazil,F,44,Universidade Regional Integrada do Alto Uruguai e das Missões,Training,2.63
Maximilien Hannen,Canada,M,36,DeVry Institute of Technology,Marketing,2.16
Robbyn Morsey,Portugal,M,24,Universidade Tecnica de Lisboa,Human Resources,4.28
Hortensia Dossett,China,M,41,South West University Yucai College,Research and Development,2.26
Carny Adamec,France,M,40,Ecole Supérieure d'Ingénieurs et de Techniciens pour l'Agriculture,Business Development,0.42
Eduardo Gaenor,Kenya,M,23,Egerton University,Human Resources,2.05
Brigid Ashburner,Iran,F,46,Lorestan University,Legal,2.5
Lyssa Siggs,Indonesia,F,40,Universitas Katolik Widya Karya,Training,2.18
Malinda Lowell,Brazil,M,26,Universidade Federal de Pelotas,Product Management,1.31
Myer Gadman,Thailand,M,45,Yonok University,Sales,2.19
Alex Rochell,Philippines,M,45,Feati University,Engineering,2.73
Claudelle Simper,Peru,F,47,Universidad Nacional Hermilio Valdizan,Support,0.76
Sue Croux,United States,F,40,Harvey Mudd College,Engineering,2.07
Gradey Shurmer,Russia,M,23,Kazan State University of Medicine,Research and Development,4.24
Hercule Dulake,Poland,F,37,Agricultural University of Cracow,Training,0.71
Lorry Hateley,Norway,M,49,Norway's Information Technology University College,Engineering,0.82
Ashton Kidder,China,F,47,Jimei University,Services,4.01
Terrijo Tichner,Colombia,M,24,Universidad Adventista de Colombia,Support,1.87
Becki Maken,Philippines,M,50,Mountain View College,Engineering,0.36
Stephani Nutter,Yemen,M,40,Yemenia University,Services,0.88
Collie Bison,Sweden,F,22,Gotland University College,Accounting,2.33
Britney Sifflett,Indonesia,F,41,Universitas Pasundan,Business Development,4.17
Candida Gwynn,Austria,F,30,Universität für angewandte Kunst Wien,Engineering,2.49
Samuele Blabber,Brazil,M,26,Universidade Federal da Paraíba,Engineering,3.2
Patin Ohms,China,F,43,Xi'an International Studies University,Engineering,4.44
Ronna Anderbrugge,Solomon Islands,M,33,University of the South Pacific,Research and Development,2.85
Basia Johl,China,F,46,Fushun Petroleum University,Accounting,2.7
Lishe Minghetti,Thailand,M,25,Hatyai University,Training,1.1
Nedda Northeast,Peru,M,47,Universidad Privada Juan Mejía Baca,Support,2.17
Adriena Tamburo,Ireland,F,43,Dublin City University,Accounting,4.06
Kylynn Riccelli,Honduras,F,37,Escuela Agricola Panamericana Zamorano,Engineering,4.09
Phyllis Philip,Brazil,M,28,Universidade Federal do Amapá,Human Resources,2.22
Agneta Scudders,Philippines,F,32,Divine Word College of Legazpi,Human Resources,1.02
Herc Pydcock,Indonesia,F,36,Universitas Sebelas Maret,Support,2.29
Karena Baverstock,Indonesia,F,48,Universitas Muria Kudus,Accounting,2.39
Wernher Hehnke,China,F,48,South China University,Human Resources,3.58
Judon Bootes,Greece,M,45,"European University, Athens Campus",Training,1.55
Hazlett Romayn,Tanzania,M,32,International Medical & Technological University,Services,4.38
Vaughn Damrel,Philippines,M,23,Information and Communications Technology Academy,Services,2.26
Bartholemy Phipp,Haiti,F,24,Université Quisqueya,Engineering,3.73
Susie Rumens,Peru,M,34,Universidad Privada San Juan Bautista,Training,0.99
Barnett Silberschatz,Ukraine,M,22,Zaporizhzhe National University,Legal,2.96
Robinet McCafferty,Russia,M,25,St. Petersburg State Marine Technical University,Support,4.62
Constancy Arden,China,F,38,Chongqing Technology and Business University,Human Resources,1.91
Gareth Sabin,Russia,F,43,Russian State Hydrometeorological University,Product Management,4.82
Darcy Braikenridge,Ukraine,M,48,National University of Food Technologies,Marketing,4.81
Ennis Rowston,Ecuador,F,35,Universidad Estatal de Bolívar,Research and Development,4.26
Marcia Tilford,Thailand,F,32,Kasem Bundit University,Engineering,0.68
Holden Stode,Poland,M,36,Leon Kozminski Academy of Entrepreneurship and Mangement,Research and Development,4.03
Anatol Wilbud,China,F,30,Northeastern University,Marketing,0.73
Phyllys Keuning,Venezuela,F,26,"Universidad Nacional Experimental de los Llanos Occidentales ""Ezequiel Zamora""",Services,1.83
Lorraine de'-Ancy Willis,Portugal,F,48,Instituto Politécnico do Cávado e do Ave,Product Management,3.08
Johan Tegler,United States,F,43,Southeastern Bible College,Human Resources,2.34
Gabbie De Ruggero,Togo,F,34,Université de Lomé,Engineering,1.2
Osbourn Pimley,Japan,F,27,Gunma University,Marketing,1.07
Ulrica Hurne,Albania,F,34,University of New York Tirana,Sales,3.54
Pavla Dymott,China,F,30,Huazhong University of Science and Technology,Business Development,4.23
Lizette Matoshin,Sweden,F,39,University College of Gävle,Engineering,4.52
Uriah Bolte,Tajikistan,F,33,Tajik National University,Services,3.86
Kerby Paggitt,Russia,F,22,Kaliningrad State Technical University,Legal,2.55
Imelda Eastwell,China,F,48,University of Petroleum (East China),Services,4.74
Julissa Fearby,Palestinian Territory,M,23,Birzeit University,Services,4.52
Annabella Hunter,Philippines,M,36,Notre Dame of Marbel University,Training,2.82
Lissa Kimpton,Chile,F,50,Universidad Bolivariana,Services,0.27
Archer Jonin,Canada,M,30,University of Waterloo,Support,3.52
Boigie Bellee,Japan,F,41,University of the Air,Human Resources,1.01
Zora Cheltnam,France,F,33,Ecole Supérieure de Commerce de Dijon,Business Development,1.24
Flossie Schieferstein,China,M,21,Shanghai University of Traditional Chinese Medicine and Pharmacology,Services,2.2
Raine Cartmel,Micronesia,F,30,LICCSAL Business College,Legal,4.31
Ainslie Bradden,China,M,40,Guangdong Polytechnic Normal University,Sales,0.38
Becka Sayre,Russia,M,29,Higher School of Economics,Legal,2.26
Frederigo Dubble,Philippines,M,38,University of Saint La Salle,Sales,3.76
Lesli Lobell,Finland,F,50,University of Joensuu,Engineering,3.71
Sheila Haighton,Indonesia,F,41,Universitas Sam Ratulangi,Services,0.49
Quinn Reeds,China,M,25,Beijing University of Science and Technology,Support,4.73
Belia Sparshett,Croatia,F,43,University of Zagreb,Accounting,3.82
Oates Tidman,Malawi,M,30,Catholic University of Malawi,Business Development,1.25
Veradis Dummett,Peru,F,47,Universidad Nacional de Tumbes,Accounting,0.53
Holden Wooffitt,Poland,M,27,Fine Arts Academy in Poznan,Support,4.87
Mersey Bohden,Ecuador,M,40,Universidad de Cuenca,Training,3.69
Stepha Kieran,Czech Republic,M,24,Tomas Bata University in Zlin,Services,2.12
Sonnnie Antosch,Thailand,F,38,Chiang Mai University,Training,3.05
Constantine Escala,Kuwait,M,37,Gulf University for Science and Technology,Accounting,2.22
Farlay Meyrick,Indonesia,F,23,Politeknik Negeri Semarang,Training,3.13
Lefty Hrycek,China,M,33,Yangtze University,Sales,3.89
Lorna Slaten,Indonesia,F,26,Universitas Andalas,Research and Development,2.03
Cathe Russo,France,F,41,Institut Catholique de Toulouse,Legal,2.41
Giselle Wathey,Brazil,F,20,Universidade Cruzeiro do Sul,Accounting,4.31
Jamill Sandford,Thailand,M,42,Burapha University,Marketing,2.9
Chen Atchly,Panama,F,36,Instituto de Enseñanza Superior Oteima,Training,4.4
Shea Mcwhinnie,Sweden,M,37,Umea University,Business Development,3.68
Carmine Willbraham,France,M,47,"Schiller International University, Paris",Marketing,2.27
Adair Moncaster,China,F,40,Zhanjiang Ocean University,Training,1.8
Crosby Ivshin,Brazil,M,39,Universidade Federal da Paraíba,Engineering,1.95
Arlina D'Agostino,France,F,25,Ecole d'Ingénieurs en Informatique pour l'Industrie,Sales,4.44
Odie Janny,Philippines,M,29,University of Southeastern Philippines,Engineering,0.36
Caspar Clive,China,F,36,Tibet University of Nationalities,Sales,0.6
Rosella Sorrell,Peru,M,43,Universidad Nacional de San Antonio Abad,Legal,4.16
Thatcher Beechcraft,Belarus,M,21,Grodno State Medical University,Services,4.08
Tandy Milksop,Indonesia,M,40,Universitas Bhayangkara Surabaya,Sales,4.05
Dane Gold,Palestinian Territory,M,50,Hebron University,Support,0.15
Arley Prandin,Colombia,M,20,Universidad de La Salle,Legal,3.16
Hunter Taffe,Indonesia,F,29,Universitas Advent Indonesia,Training,0.46
Ester Tweede,France,F,34,Ecole Nationale des Travaux Publics de l'Etat,Training,1.58
Loria Knifton,Thailand,M,44,Ubonratchathani University,Business Development,2.81
Rourke Stenhouse,Madagascar,M,36,Université de Toamasina,Marketing,4.35
Fee Plank,South Africa,M,42,Cape Peninsula University of Technology,Sales,0.62
Marris Fri,Portugal,F,35,Universidade dos Acores,Research and Development,3.67
Valeria O'Devey,Indonesia,F,24,Universitas Islam Bandung,Product Management,3.1
Corrie Port,Indonesia,F,28,Universitas Gadjah Mada,Accounting,4.07
Camey Gwynn,Sudan,F,46,Neelain University,Engineering,2.44
Ally Kneller,Czech Republic,M,39,Charles University Prague,Business Development,2.55
Berny Shoobridge,China,M,35,Xuzhou Normal University,Business Development,0.06
Ramona Collaton,United States,M,34,South Dakota State University,Training,2.93
Adamo Ruckman,Portugal,M,20,Universidade Portucalense Infante D. Henrique,Engineering,3.12
Gertruda Lenox,Guinea,F,48,Université Thierno Amadou Diallo,Legal,4.45
Corbett Danbye,China,F,28,China University of Geosciences Wuhan,Business Development,1.02
Beaufort Breeze,France,F,26,Conservatoire National des Arts et Métiers,Human Resources,2.64
Rianon Llewhellin,China,M,39,Gansu University of Technology,Sales,2.11
Mala Trotton,China,M,21,Xiangtan University,Human Resources,0.51
Judas Edlestone,Peru,M,35,Universidad Nacional de Cajamarca,Services,2.29
Alethea Kingscott,Bhutan,F,23,Royal University of Bhutan,Accounting,0.61
Lorelle Line,Guatemala,M,27,Universidad Francisco Marroquín,Human Resources,4.02
Millicent Norgate,South Korea,F,23,Pohang University of Science and Technology,Services,1.81
Ken Minkin,China,F,44,Shanghai Second Polytechnic University,Product Management,4.67
Zoe Learmonth,Sweden,F,49,Halmstad University College,Engineering,0.56
Bambie Gamwell,Philippines,F,26,Colegio de San Juan de Letran,Marketing,0.62
Bondie Leroy,Indonesia,M,33,Universitas Muhammadiyah Jakarta,Legal,0.38
Aaren Spread,Cameroon,M,27,Université de Ngaoundéré,Engineering,3.65
Meade Ailward,Russia,M,39,Moscow State Institute of International Relations MFA Russia (MGIMO-University),Legal,2.76
Richmound Jachtym,Philippines,F,44,Central Philippine University,Engineering,3.26
Odette Mynott,Indonesia,F,33,Universitas Kristen Krida Wacana,Human Resources,3.45
Curtice Gyorgy,Japan,F,29,Women's College of Fine Arts,Engineering,0.29
Trish Helbeck,United States,M,21,Mid-America Nazarene University,Marketing,2.07
Erika Zealy,Turks and Caicos Islands,F,50,Charisma University,Services,1.02
Randolph Attenborrow,China,M,44,Heilongjiang August 1st Reclamation University,Sales,4.17
Shanna Alcalde,Indonesia,F,46,Universitas Darma Persada,Marketing,3.56
Frieda Boulsher,China,F,25,Fujian University of Traditional Chinese Medicine,Services,3.95
Flinn Foster,Uganda,F,38,Uganda Christian University,Business Development,0.87
Fawn Bexley,Portugal,M,37,Universidade Nova de Lisboa,Sales,3.35
Balduin Andreasson,China,M,39,3rd Military Medical University,Sales,2.73
Shaylyn Dannel,China,M,46,The University of Nottingham Ningbo China,Services,2.18
Woodman Summerlee,Indonesia,F,20,Universitas Muhammadiyah Mataram,Accounting,4.08
Neille Elph,Serbia,F,42,Privredna Akademija (Business Academy),Engineering,1.14
Felic Massingham,Indonesia,M,34,Universitas Mahasaraswati Denpasar,Product Management,1.86
Wat Hanstock,Russia,M,33,Moscow State Industrial University,Product Management,4.9
Lonnard Netting,Azerbaijan,F,50,Nakhchivan Private University,Support,3.02
Johnny Briston,China,F,23,Chongqing Wenli University,Marketing,0.38
Janith Mangeney,Argentina,F,21,Universidad Nacional de Tucumán,Sales,4.57
Petronilla Grandin,Sweden,F,28,Malmö University College,Marketing,1.59
Dud Papa,Kazakhstan,M,50,Abai State University,Sales,0.68
Deva Craine,China,F,35,Guangzhou Normal University,Accounting,1.02
Maryellen Schettini,Indonesia,M,33,Politeknik Negeri Padang,Engineering,2.9
Nicola Tampion,Argentina,M,46,Universidad Católica de Córdoba,Research and Development,1.55
Russ Kinnar,Nigeria,F,21,Ajayi Crowther University,Research and Development,3.3
Margaux Goering,Bosnia and Herzegovina,M,34,University Vitez In Travnik,Support,3.05
Blondie MacLaverty,China,F,25,Huaqiao University Quanzhuo,Human Resources,2.3
Demetri Casseldine,Thailand,M,22,Eastern Asia University,Support,4.26
Christophe Mundall,Brazil,F,45,Centro Universitário de Araraquara,Services,2.54
Jae Toone,Argentina,M,50,Universidad Abierta Interamericana,Product Management,0.3
Jory Kornyshev,Indonesia,F,44,Universitas Merdeka Madiun,Support,2.93
Micah Latliff,China,F,36,Harbin Engineering University,Sales,1.26
Gale Cleaves,Czech Republic,M,33,Tiffin University Prague,Sales,4.74
Lilla Oliveras,Indonesia,F,35,Universitas Ibn Chaldun Jakarta,Legal,3.88
Cesare Mettricke,Japan,M,30,Osaka University of Economics,Training,4.81
Maitilde Cookman,China,M,49,Northeast Normal University,Support,2.55
Alena Vanni,Philippines,F,28,Technological University of the Philippines,Services,4.34
Bendick Giovannacci,Russia,M,30,Russian State Medical University,Training,3.22
Sara-ann Warn,Bangladesh,M,26,Islamic University Kushtia,Product Management,4.33
Rosaline Fosse,Portugal,M,22,Universidade Catolica Portuguesa,Marketing,3.65
Dix Stollhofer,China,M,31,Chongqing Telecommunication College,Services,3.09
Felecia Pickard,Sweden,F,29,University College of Skövde,Human Resources,2.97
Shaylynn Beenham,Colombia,M,28,Universidad de Córdoba,Engineering,2.97
Beauregard Twiname,China,M,34,Nanjing Normal University,Services,3.36
Kerrin Purches,China,M,36,Harbin Normal University,Business Development,3.1
Cybill Tice,Sudan,F,25,Sinnar University,Accounting,3.26
Thatch Bortolozzi,Argentina,F,21,Universidad Nacional del Comahue,Services,1.88
Barnebas West-Frimley,Nigeria,F,25,Federal University of Petroleum Resources,Marketing,3.35
Mirna Van de Velde,Philippines,M,37,University of Southern Philippines Foundation,Human Resources,4.67
Walliw Wager,Portugal,M,27,Instituto Politécnico de Viana do Castelo,Engineering,1.65
Dorey Heeley,Russia,F,37,"Dubna International University for Nature, Society and Man",Product Management,2.96
Tripp Harome,Brazil,M,26,Universidade de Passo Fundo,Training,2.25
Leese Waterfield,Russia,F,31,St. Petersburg State Cinema and TV University,Product Management,0.21
Homere Eplate,Philippines,M,44,Saint Louis College,Services,3.13
Layney Keyworth,Afghanistan,M,32,Kandahar University,Research and Development,3.93
Emmalynn Yorston,Indonesia,M,34,Universitas Paramadina Mulya,Sales,4.74
Andreana Yellowlees,China,M,40,Beijing Medical University,Support,4.45
Julina Wragge,Argentina,M,36,Universidad de Belgrano,Sales,1.51
Gill Pagelsen,China,F,22,South China Agricultural University,Training,3.59
Colas Izsak,Russia,F,47,Perm State Pedagogical University,Support,4.59
Ringo Schneidar,Syria,M,48,Ittihad Private University,Services,1.53
Cherry Pendleton,Thailand,M,20,Prince of Songkla University,Business Development,2.14
Ignacius Pavlata,China,F,50,Guizhou University,Research and Development,3.82
Leilah Crummie,Japan,M,42,Wakkanai Hokusei Gakuen University,Marketing,1.14
Elliott Carlone,Philippines,M,49,Northwestern University of the Philippines,Marketing,3.84
Shawn Killock,Portugal,F,34,Universidade Nova de Lisboa,Marketing,4.53
Rubin Spick,Pakistan,F,43,Faisalabad Institute of Textile and Fashion Design,Engineering,0.82
Dominga Dolbey,Indonesia,M,46,Universitas Kristen Indonesia,Legal,0.01
Verne Baldam,Russia,M,42,Cheljabinsk State University,Engineering,3.47
Cleavland Dack,Canada,M,35,Bishop's University,Accounting,0
Becca Rumbelow,Sierra Leone,M,32,"Fourah Bay College, University of Sierra Leone",Training,3.76
Smith Dunckley,United States,F,44,University of Wisconsin - Platteville,Sales,0.81
Freeland Wormleighton,Kazakhstan,M,49,Suleyman Demirel University,Engineering,2.94
Jessie Mazzilli,Malaysia,F,47,Universiti Tun Abdul Razak,Business Development,1.61
Talyah Arthur,China,F,36,Shenyang University,Human Resources,1.78
Calli Jepensen,Denmark,M,45,IT University of Copenhagen,Services,3.2
Royce Petticrow,Mexico,F,48,"Universidad Autónoma ""Benito Juárez"" de Oaxaca",Human Resources,0.1
Marge Littlemore,China,F,31,Wuhan University School of Medicine,Accounting,1.14
Bentlee Herries,South Korea,F,23,Chung-Ju National University,Training,4.07
Etta Handsheart,France,F,35,Institut National Supérieur de Formation Agro-Alimentaire,Research and Development,3.38
Randall Mateo,Greece,M,50,University of Crete,Human Resources,4.91
Ruby Lerer,Indonesia,M,39,Universitas Muhammadiyah Yogyakarta,Legal,0.77
Lelia Bagehot,Guatemala,M,27,Universidad Francisco Marroquín,Support,3.04
Cirilo Hofler,El Salvador,M,44,Universidad Francisco Gavidia,Research and Development,1.88
Bette La Batie,Azerbaijan,M,27,Azerbaijan Medical University,Business Development,2.67
Tisha Quimby,China,M,47,Northeast University at Qinhuangdao Campus,Services,3.95
Ronica Mucci,China,F,22,Shandong University of Science and Technology,Services,4.82
Verney Martineau,Russia,M,30,Moscow State Textile University A.N. Kosygin,Marketing,2.38
Skylar Woofendell,Rwanda,F,29,Université Catholique de Kabgayi,Product Management,1.25
Marlee Pilkinton,Greece,F,27,Technological Education Institute of Larissa,Research and Development,0.35
Cesare Lewknor,Panama,F,38,Universidad del Istmo,Sales,0.22
Cobbie Shasnan,United States,M,27,Tougaloo College,Engineering,2.97
Jameson Pascoe,Brazil,M,20,Centro Universitário Barao de Maua,Accounting,0.39
Shannon Fellowes,Honduras,F,46,"Universidad Pedagógica Nacional ""Francisco Morazán""",Sales,0.28
Emlynne McChruiter,Philippines,M,43,West Visayas State University,Marketing,0.18
Ranique Cormode,Brazil,M,46,Universidade Estadual do Centro-Oeste,Research and Development,4.62
Aleen Wallbrook,Portugal,M,25,Instituto Superior de Saúde do Alto Ave,Services,3.38
Currey Fairpo,France,M,49,Ecole Nationale de la Statistique et de l'Analyse de l'information,Legal,0.06
Mic Kleinert,Jordan,M,24,Applied Science University,Support,1.78
Dorey Atcherley,Peru,M,28,Universidad Ricardo Palma,Marketing,2.03
Alexine Vooght,Greece,F,31,"European University, Athens Campus",Product Management,1.79
Harlene Yea,Tunisia,M,39,University of Aviation and Technology,Sales,1.36
Collette Govett,Brazil,F,39,Instituto Nacional de Matemática Pura e Aplicada - IMPA,Product Management,4.62
Skip Haining,Bulgaria,F,24,Medical University Pleven,Marketing,4.93
Lenora Templeton,Philippines,M,49,University of Batangas,Sales,2.01
Arturo Byres,Indonesia,F,39,Universitas Negeri Gorontalo,Human Resources,1.7
Siusan Akett,Russia,M,26,"Dubna International University for Nature, Society and Man",Services,1.86
Susanne Tonner,Norway,M,47,Agder University College,Accounting,0.74
Dee dee Dumbarton,China,F,43,Northeastern University,Legal,4.03
Rozelle Glashby,Greece,M,48,Technological Education Institute of Kavala,Engineering,0.2
Link Aidler,Brazil,F,20,Centro Universitário Serra dos Órgãos,Marketing,0.83
Tatum Watkiss,Nigeria,M,47,Tansian University,Product Management,0.54
Pammi Lazonby,Poland,F,48,Agricultural University of Warsaw,Product Management,0.84
Trueman Chatelot,Ethiopia,M,20,Adama Science and Technology University,Sales,2.21
Alley Whales,China,F,47,Tibet University,Accounting,4.54
Maximo Palliser,China,F,44,Beijing University of Science and Technology,Services,2.39
Matthus Swash,Bulgaria,M,27,International University College,Marketing,1.54
Babara Congrave,Bulgaria,M,39,International University College,Legal,0.81
Nollie Pourveer,Philippines,M,38,Tarlac State University,Training,2.99
Kata Sinclaire,Indonesia,M,35,Universitas Krisnadwipayana,Training,3.13
Graeme Crauford,Brazil,M,33,Universidade Luterana do Brasil,Training,0.35
Timothee Pohls,Peru,M,23,Universidad Privada de Tacna,Accounting,0.39
Virgil Licciardo,Canada,F,45,York University,Engineering,0.65
Micheline Scown,Philippines,M,32,"Irish University Business School, Cebu",Human Resources,3.56
Faith Prettjohn,Brazil,F,31,Universidade Potiguar,Marketing,1.77
Chrisse Petasch,Russia,M,44,St. Petersburg State Marine Technical University,Marketing,3.64
Mufinella Mongenot,Russia,M,45,Volgograd State University,Business Development,1.27
Aharon Linsay,Cuba,F,24,Universidad Central de Las Villas,Services,2.35
Verney Donativo,China,F,27,Guangxi University,Engineering,4.23
Odille Andersson,Portugal,F,22,Instituto Politécnico do Cávado e do Ave,Services,3.74
Timofei Bowkley,Russia,F,47,Kuban State University of Agriculture,Sales,2.23
Floyd Tilbey,France,F,21,Ecole Supérieure de Commerce de Dijon,Sales,3.5
Marvin Swindin,Portugal,F,46,Universidade Nova de Lisboa,Training,1.82
Cami MacKessock,Peru,F,48,Universidad de Piura,Engineering,0.32
Briano Haddrell,Philippines,F,22,Liceo de Cagayan University,Training,1.48
Joanna Bonder,Panama,M,49,Universidad Autonoma de Chiriqui,Sales,3.26
Sisile Townley,Indonesia,M,37,Universitas Pesantren Darul Ulum Jombang,Legal,1.1
Rod Karslake,Sweden,M,22,Jönköping University College,Support,4.36
Zelma Josefsson,China,M,47,Hunan University,Support,2.21
Rosabella Munnis,United States,F,31,Bemidji State Univeristy,Services,4.75
Tabbitha Fort,Indonesia,M,34,Universitas Tunas Pembangunan,Business Development,4.21
Derril Butterick,Guadeloupe,M,32,Université des Antilles et de la Guyane,Legal,4.49
Arney Annatt,Brazil,M,43,Instituto Tecnológico de Aeronáutica,Business Development,3.6
Odele Skillicorn,China,M,47,Hebei Agricultural University,Marketing,4.5
Juli Regglar,Philippines,F,32,Arellano University,Research and Development,2.66
Dorotea Christoffe,Peru,M,24,Universidad de Chiclayo,Business Development,5
Gian Smalles,Chile,F,24,Universidad Academia de Humanismo Cristiano,Human Resources,3.51
Osgood McCuffie,France,F,36,Ecole Nationale Supérieur des Ingénieur des Etudes et Techniques d'Armement,Marketing,0.84
Horace Dew,Indonesia,F,35,Universitas Siliwangi,Human Resources,4.58
Sawyere Ewing,Finland,M,42,Central Ostrobothnia University of Applied Sciences,Support,2.78
Barry Irvine,Portugal,F,46,Instituto Superior de Assistentes e Intérpretes,Human Resources,0.37
Cordey Hagston,Switzerland,F,30,University of Fribourg,Human Resources,0.45
Templeton Wardale,United States,M,48,Kean University of New Jersey,Support,1.86
Kale Davison,Philippines,F,29,Tarlac State University,Support,1.73
Aylmar Streight,Indonesia,M,43,Universitas Lancang Kuning,Human Resources,4.62
Lucas Samson,China,M,48,Beijing Institute of Technology,Accounting,4.77
Orin Edens,Portugal,F,43,"Instituto de Artes Visuais, Design e Marketing - IADE",Support,4.98
Emmie MacCleay,Ukraine,M,47,Donetsk National University,Services,3.32
Sybilla Maxwale,Croatia,M,38,University of Pula,Engineering,2.94
Linc Domek,China,M,35,Guangxi University for Nationalities,Human Resources,2.12
Kahaleel Poor,Indonesia,M,20,Universitas Negeri Gorontalo,Sales,0.83
Cal Preskett,Indonesia,F,27,Universitas Padjadjaran,Sales,4.61
Anthia Skepper,Ireland,M,35,Dublin Institute for Advanced Studies,Marketing,0.1
Clotilda Brameld,China,M,31,Gansu Agricultural University,Engineering,0.79
Janka Moorcraft,Albania,F,44,Academy of Arts,Engineering,3.97
Margo Drinkhall,China,M,34,Hainan Normal University,Marketing,1.55
Worthington Dillet,United Kingdom,F,38,The Queen's University Belfast,Product Management,2.81
Mariam Casero,Portugal,M,29,Instituto Politecnico do Porto,Marketing,2.72
Rees Katzmann,Mongolia,M,38,University of the Humanities,Accounting,0.94
Bertie Penswick,Sweden,M,27,Umea University,Support,4.39
Laurene Teacy,Ukraine,M,43,Technological University of Podillya,Human Resources,1.98
Alysia Cossem,Indonesia,F,44,STMIK AMIKOM Yogyakarta,Research and Development,3.18
Haily Crombleholme,China,M,21,Southwest Forestry University,Human Resources,2.26
Agnes Eland,Finland,M,20,University of Jyväskylä,Business Development,3.13
Borg Brazear,Philippines,F,43,University of the Philippines Visayas,Legal,0.08
Ellissa Ambrogiotti,Portugal,M,39,Instituto Superior Novas Profissões - INP,Sales,2.13
Cornie Wilderspoon,Indonesia,F,40,Universitas Katolik Widya Karya,Engineering,4.62
Benito Bailiss,Czech Republic,F,27,University of Jan Evangelista Purkyne,Engineering,4.46
Fonz Shillinglaw,Indonesia,M,48,Universitas Proklamasi 45,Business Development,3.7
Zarla McAlpin,Philippines,F,44,University of Nueva Caceres,Marketing,4.66
Travus Brashaw,China,M,37,South China Normal University,Product Management,3.96
Erena Geerits,China,F,36,Zhengzhou Grain University,Business Development,3.19
Lena Ayars,Mali,M,22,Université de Bamako,Research and Development,2.47
Fidole Burford,Poland,F,49,Higher School o Business/National Louis University(WSB/NLU) in Nowy Sacz,Engineering,4.05
Isidora Baxendale,Serbia,F,35,Megatrend University of Applied Sciences,Human Resources,0.33
Garv Hellin,China,F,50,Shanghai University of Engineering Science,Training,2.17
Lamond Casterou,Japan,M,25,Kanazawa University,Support,3.25
Shela Jansik,Indonesia,M,41,Universitas Muslim Indonesia,Accounting,1.81
Bernice Botterman,China,F,28,3rd Military Medical University,Engineering,3.98
Ginevra Hullyer,Afghanistan,F,37,Kabul University,Training,0.81
Bartlett Almack,Poland,M,41,University of Wamia and Masuria in Olsztyn,Research and Development,3.56
Ryley Vannuchi,Poland,F,38,Fine Arts Academy in Katowice,Product Management,0.97
Yancy Unwin,Indonesia,F,41,Stie Perbanas Surabaya,Support,3.38
Nadia Hambric,Ukraine,F,49,National University of Kiev-Mohyla Academy,Legal,1.11
Alfons Groundwator,Philippines,M,34,Araullo University,Business Development,2.22
Bartolomeo Cunrado,Latvia,M,49,Riga Aviation University,Services,3.74
Gerri Culbard,Indonesia,F,25,Universitas Katolik Widya Karya,Marketing,1.4
Karrie Southall,Greece,M,24,University of Indianapolis in Athens,Accounting,0.25
Etta Wiltshaw,Palestinian Territory,M,42,Bethlehem University,Services,0.92
Zebadiah Moreby,Tajikistan,F,38,Tajik Agrarian University,Marketing,4.6
Yankee Mariolle,Indonesia,F,40,Universitas Methodist Indonesia,Legal,0.61
Eward Alfonsetti,Peru,F,42,Universidad Nacional Santiago Antúnez de Mayolo,Product Management,3.91
Shanta Quartermain,Sweden,M,33,Malmö University College,Research and Development,1.6
Gaston Skoggings,Guatemala,M,29,Universidad Rural de Guatemala,Services,1.68
Tomi Cressey,Poland,M,32,Polish-Japanese Institute of Information Technology in Warsaw,Training,0.94
Kerstin Kassel,China,M,34,Xinjiang University of Finance and Economics,Research and Development,4.07
Desmund Daltry,China,M,36,Chongqing Medical University,Engineering,3.7
Filip Kinch,United States,F,37,Morrison College,Support,4.37
Lynnelle Lesaunier,China,M,28,Nanjing Forestry University,Legal,0.23
Sebastian Yerlett,Canada,M,38,Northern Lights College,Marketing,1.73
Gracie Liggons,Canada,M,31,Douglas College,Human Resources,0.55
Druci Ritson,Sweden,M,44,University College of Borås,Sales,4.64
Eziechiele Fair,Philippines,F,27,"De La Salle University, Araneta",Sales,3.22
Brent Vernall,Portugal,F,39,Universidade de Lisboa,Legal,0.8
Shea Eton,Philippines,F,50,Araullo University,Engineering,2.28
Penn Blockey,Brazil,F,25,Universidade Federal do Maranhão,Marketing,0.46
Noach Petracco,Czech Republic,F,37,University of South Bohemia,Engineering,1.44
Valera Benedit,Indonesia,M,40,Universitas Semarang,Product Management,1.54
Rakel Rodolphe,China,F,44,China youth college for political science,Training,4.94
Matilde Starrs,China,F,34,Tongji University,Accounting,2.37
Les Riste,United States,M,25,Skidmore College,Research and Development,2.96
Ernesto Mozzini,Indonesia,F,22,Universitas Widya Gama Malang,Business Development,4.36
Tan Deedes,China,F,44,Inner Mongolia University,Human Resources,2.15
Dominique Zincke,Indonesia,M,25,Universitas HKBP Nommensen,Business Development,3.02
Juditha Litel,China,F,46,Anhui Technical College of Water Resources and Hydroelectric Power,Product Management,2.08
Erv Fleote,Ireland,M,42,University of Limerick,Sales,3.36
Nat Grushin,Philippines,F,27,Misamis University,Accounting,0.97
Carol-jean Belitz,Nicaragua,M,20,"Universidad Catolica ""Redemptoris Mater""",Training,2.89
Ernaline Blasing,Iran,M,37,"Islamic Azad University, Maybod",Services,0.12
Anabella Driffield,Philippines,F,33,University of Santo Tomas,Research and Development,3.93
Annadiane Able,Thailand,F,24,Srinakharinwirot University,Research and Development,1.28
Osbert Balmadier,Russia,M,24,Omsk State University,Business Development,0.67
Danna Alford,Indonesia,F,40,"Universitas Pembangunan Nasional ""Veteran"" East Java",Human Resources,1.29
Karalynn Underhill,Russia,F,30,Timirjazev Moscow Academy of Agricultutre,Accounting,3.98
Ennis Sundin,Indonesia,F,20,Universitas Lambung Mangkurat,Marketing,4.97
Zorine Majury,Philippines,M,50,Philippine Women's University,Sales,0.88
Pierce Crumley,Mongolia,F,41,Mongolian State University of Arts and Culture,Services,0.92
Mercedes Ingon,Venezuela,M,33,Universidad Centro Occidental Lisandro Alvarado,Research and Development,3.11
Ransom Dubois,Jamaica,M,37,"University of the West Indies, Mona",Human Resources,3.9
Maurine Crittal,Philippines,M,44,Misamis University,Support,0.71
Bronnie Juleff,Brazil,F,40,Instituto Tecnológico de Aeronáutica,Support,0.46
Demetria Stuckey,China,M,47,Southern Yangtze University,Legal,0.78
Rafferty Stefanovic,Russia,F,27,Yaroslavl State Medical Academy,Business Development,4.72
Fielding Fullager,Yemen,F,45,Hadhramout University of Science and Technology ,Research and Development,0.96
Rhys Kenyon,Malaysia,F,31,"Institute of Teachers Education, Kent",Human Resources,4.39
Rhonda Novik,China,M,39,Xi'an Academy of Fine Art,Engineering,0.89
Francine Fairweather,Indonesia,F,41,Institut Teknologi Bandung,Accounting,3.02
Jenine Blacklock,Thailand,M,21,Rangsit University,Business Development,0.75
Wain Copyn,Poland,M,39,University of Gdansk,Accounting,2.97
Dedra Faustin,Indonesia,F,34,Universitas Negeri Medan,Services,3.97
Masha Pavolillo,China,M,28,Shanghai Medical University,Services,3.29
Mohandis Brocket,Indonesia,M,46,Universitas Siliwangi,Legal,4.79
Calida Dudin,Philippines,M,46,University of the Cordilleras,Accounting,2
Farrell List,Philippines,M,44,Philippine Normal University,Marketing,2.51
Terencio Brewitt,Russia,F,47,Nizhny Novgorod State University,Accounting,4.87
Winne Loughran,Indonesia,M,44,Universitas Muslim Indonesia,Research and Development,4.66
Reynard McIlvaney,Tonga,M,34,University of the South Pacific Centre,Product Management,0.47
Ellissa McVeighty,Philippines,M,48,Mindanao State University,Training,4.98
Layne Oddie,Syria,F,42,Al-Baath University,Research and Development,4.01
Evan Hannen,United States,M,49,York College of Pennsylvania,Engineering,4.66
Michal Peche,Mauritius,F,40,University of Technology,Accounting,4.66
Vin Groombridge,Northern Mariana Islands,F,32,Great Lakes University of Kisumu,Support,1.86
Hailee Farnfield,United States,M,34,St. Mary's College of Maryland,Sales,3.44
Hannis Nurny,Mauritius,F,42,University of Mauritius,Marketing,2.16
Catrina Fominov,Benin,M,36,Espam Formation University,Marketing,2.09
Ahmad O'Carran,Russia,M,27,Adygeja State University,Research and Development,3.31
Priscilla Cobello,Russia,M,49,National Research University of Electronic Technology,Services,1.79
Honoria Coats,Kuwait,M,26,American University of Kuwait ,Support,4.12
Burnard Itzak,France,M,37,Ecole Nationale Supérieure de l'Electronique et de ses Applications,Accounting,0.34
Neale Fehely,Greece,M,45,Aristotle University of Thessaloniki,Human Resources,3.57
Karita Oen,China,M,30,Northwest Normal University Lanzhou,Marketing,3.06
Jourdain Bewshea,Armenia,M,25,Yerevan State Medical University,Product Management,3.81
Geraldine McLeary,Poland,F,35,Fine Arts Academy in Katowice,Training,1.5
Maddie Kiddey,Senegal,F,20,L'Université de l'Entreprise,Training,2.71
Selig Longstaffe,Denmark,M,45,Copenhagen University,Sales,4.51
Hunter Haskett,China,F,30,Huaihua Radio and Television University,Business Development,0.42
Yelena Filyakov,Kyrgyzstan,F,42,Kyrgyz Turkish  Manas University,Accounting,3.99
Gib Tritten,Laos,M,44,National University of Laos,Product Management,4.56
Elbert Rodders,Kenya,M,23,Pioneer International University,Support,4.28
Rubia Tarbatt,Brazil,F,26,Universidade Luterana do Brasil,Services,3.64
Rowan Nevin,Russia,M,27,Moscow P. I. Tchaikovsky Conservatory,Product Management,3.09
Ursula Gurton,Philippines,F,35,Ateneo de Manila University,Product Management,0.11
Kristal Spollen,Indonesia,F,26,Universitas Nasional Pasim,Accounting,4.53
Patrizio Dyer,France,M,36,Ecole Nationale Supérieure d'Agronomie de Rennes,Human Resources,0.1
Leeann Stallwood,Honduras,F,35,Universidad Católica de Honduras,Business Development,1.22
Zabrina Vials,Philippines,M,20,University of the Philippines Diliman,Product Management,0.51
Ciel Dreus,Brazil,F,34,Instituto Mauá de Tecnologia,Product Management,0.21
Clare Laffling,China,M,35,South China University,Support,4.6
Odelle Bustin,Portugal,M,45,Escola Superior de Artes e Design,Support,1.69
Joletta Breznovic,Argentina,M,33,Universidad Nacional de Tucumán,Human Resources,3.81
Arlie Bodycote,Thailand,M,30,Walailak University,Training,0.49
Butch McCosh,Thailand,M,50,Mahasarakham University,Services,0.35
Lilah Jarrold,Ivory Coast,M,35,Université de Cocody,Human Resources,3.27
Avram Valens-Smith,Belarus,M,37,Vitebsk State Academy of Veterinary Medicine,Legal,3.69
Alva Gower,Indonesia,M,22,Universitas Muslim Indonesia,Marketing,0.88
Henrieta Jakab,Sweden,F,23,Halmstad University College,Research and Development,3.17
Hercules Harken,Italy,M,39,Basilicata University Potenza,Legal,0.19
Yvonne Eaton,Indonesia,M,36,Universitas Sultan Ageng Tirtayasa,Product Management,0.73
Gillie Tompsett,Sweden,M,25,Örebro University,Accounting,1.75
Irma Hillin,Indonesia,M,50,Politeknik Negeri Pontianak,Sales,4.04
Lilias Seywood,Sweden,F,29,Swedish University of Agricultural Sciences,Services,0.61
Theda McMenemy,Indonesia,F,28,Universitas Negeri Gorontalo,Research and Development,0.55
Kelbee Cavil,France,F,38,Ecole Supérieure d'Electricité,Engineering,2.11
Taddeo Leechman,China,M,27,Southwest University of Nationalities,Research and Development,1.52
Harriot Aughtie,Poland,M,29,Andrzej Frycz Modrzewski Cracow College,Product Management,2.7
Adrien Beynon,United States,M,33,College of St. Joseph,Accounting,3.22
Yorker DelaField,Portugal,M,27,"Instituto de Artes Visuais, Design e Marketing - IADE",Business Development,1.5
Locke Myring,China,M,49,Luxun Academy of Fine Art,Support,0.21
Zack Povah,Russia,F,50,Higher School of Economics,Research and Development,1.85
Vincents Cescoti,Latvia,F,24,Police Academy of Latvia,Training,4.36
Gram Leverich,Brazil,M,47,Universidade Santa Cecília dos Bandeirantes,Human Resources,1.43
Roselia Hamner,Indonesia,M,38,Universitas Ibn Chaldun Jakarta,Human Resources,1.46
Paulina Godden,Mauritania,M,37, Université de Nouakchott,Marketing,0.7
Karena Rodolico,China,F,46,Shanghai Dainji University,Product Management,2.24
Claudius Jenney,China,M,40,Chongqing Normal University Foreign Trade and Business College,Business Development,2.6
Cherida Fountian,Trinidad and Tobago,M,37,University of the Southern Caribbean,Business Development,2.77
Lishe Worvill,China,F,47,Shanghai TieDao University,Business Development,3.28
Spike Sizey,China,M,26,Northern Jiaotong University,Marketing,1.93
Oren Drance,China,M,49,China Three Gorges University,Legal,4.81
Elenore Antonias,Portugal,M,36,Instituto Superior Politécnico Gaya,Support,4.42
Federica Ridel,Israel,M,25,Ashkelon Academic College,Product Management,4.75
Aaren Strute,Indonesia,M,23,Universitas Putera Batam,Support,2.08
Carlita Guillem,Poland,F,30,University of Information Technology and Management in Rzeszow,Human Resources,4.57
Maible Fullager,Finland,M,39,Lahti Polytechnic,Training,0.43
Parry Castellucci,Poland,M,29,Leon Kozminski Academy of Entrepreneurship and Mangement,Support,4.6
Elka McCamish,China,M,27,Anhui University of Traditional Chinese Medicine,Support,4.09
Flin Nottram,Portugal,M,37,European University Portugal,Support,3.88
Norrie Devita,Zambia,F,21,Copperbelt University,Support,1.77
Jania Heasly,China,M,29,University of Electronic Science and Technology of China,Engineering,4.74
Rubina Scobbie,China,M,39,Chongqing Telecommunication College,Legal,4.08
Enrichetta Aleksandrov,Bosnia and Herzegovina,M,40,Slobomir P Univerzitet,Sales,0.95
Mickie Helling,United States,F,40,John F. Kennedy University,Engineering,2.77
Kaila Gillinghams,Poland,F,23,Polonia University in Czêstochowa,Accounting,0.34
Eduard Hiddersley,Comoros,M,20,Universidade Castelo Branco,Training,3.48
Gavrielle Brogi,Philippines,F,32,University of Manila,Training,1.81
Consuelo Idenden,China,M,37,Zhengzhou University of Technology,Support,2.02
Bliss Dresser,Croatia,F,49,Zagreb School of Economics and Management,Support,0.72
Gilbert Pandya,Portugal,M,50,Instituto Politécnico de Leiria,Training,3.17
Myrta Croom,Greece,M,43,Institute of Management Development - Ohrid,Legal,0.63
Mozelle Iacomi,Czech Republic,F,46,Czech Technical University of Prague,Human Resources,3.16
Collete Hiskey,Canada,M,34,Université de Montréal,Accounting,3.51
Doralynn Ornils,China,F,35,Shenyang Pharmaceutical University,Legal,3.04
Roma Boggis,Greece,M,43,Technological Education Institute of Kozani,Accounting,1.58
Myrwyn Charlson,Belarus,M,32,Belarussian State University of Transport,Research and Development,0.05
Holly Zecchinii,Philippines,M,35,Bulacan State University,Sales,0.5
Llewellyn Baudesson,Philippines,M,28,Saint Paul University,Support,2.48
Etan Reagan,Kosovo,F,23,Qauid-e-Awam University of Engineering Sciences & Technology,Legal,3.53
Sadie Semens,Costa Rica,M,36,Universidad Central,Business Development,1.13
Fergus Ellicombe,Russia,F,25,Syktyvkar State University,Research and Development,3.19
Merilee Caveney,Argentina,M,21,Universidad Católica de Cuyo,Research and Development,1.28
Gill Bowater,Peru,M,23,Universidad Nacional Jorge Basadre Grohmann,Sales,4.55
Trisha Petrus,Indonesia,M,42,Universitas Jember,Product Management,3.23
Darcey Schober,Indonesia,M,50,Universitas Lambung Mangkurat,Services,0.32
Gretchen Betun,Argentina,F,33,Universidad de la Marina Mercante,Human Resources,0.1
Galvan Pirkis,Poland,F,21,"Academy of International Economic and Political Relations, Gdynia",Marketing,4.67
Gena Sealy,Portugal,F,36,Universidade Catolica Portuguesa,Business Development,3.96
Pincus Van der Brugge,China,F,39,Capital Normal University,Engineering,3.17
Regan Stobart,China,M,46,Beijing Information Science and Technology University,Human Resources,0.77
Quint Tyne,Sweden,F,40,Nordic School of Public Health,Training,2.19
Glenine Timmes,Philippines,F,25,University of the Assumption,Business Development,1.01
Sherye Cromwell,Indonesia,F,36,Universitas Trisakti,Sales,3.26
Alvina Grumbridge,Czech Republic,M,34,Technical University of Mining and Metallurgy Ostrava,Business Development,2.05
Cindy Finch,China,M,30,Wuyi University,Sales,4.49
Jeannette Egerton,Japan,M,32,Tama Institute of Management and Information Sciences,Sales,2.93
Aimil Kibard,China,M,33,Harbin University of Science and Technology,Support,3.1
May Tomasik,China,M,45,Huaqiao University Quanzhuo,Sales,4.33
Sayer Maiklem,Indonesia,F,20,Universitas Dian Nuswantoro,Engineering,0.13
Mada Bilverstone,China,F,39,Shanghai City College,Human Resources,4.87
Chadd Grima,Thailand,F,24,Prince of Songkla University,Business Development,4.71
Brendon Ferran,Greece,F,38,Technological Education Institute of Lamia,Accounting,4.91
Jourdain Grichukhin,Portugal,M,21,Instituto Superior de Entre Douro e Vouga,Marketing,0.63
Lucas Ingham,Poland,F,43,Pomeranian Academy of Medicine in Szczecin,Sales,4.77
Mycah Dignall,South Africa,F,46,University of Stellenbosch,Marketing,1.35
Ellerey Loddy,Vietnam,F,34,University of Da Nang,Training,4.19
Durward Scritch,Nigeria,F,22,College of Education Oju,Marketing,4.24
Mattie Skeeles,Lithuania,M,33,Siauliai University,Business Development,2
Neddie Gainsford,Central African Republic,F,32,Université de Bangui,Support,4.54
Fernando Simla,Philippines,F,36,University of Baguio,Business Development,4.43
Jed Hanks,France,F,32,Ecole d'Architecture de Nancy,Accounting,1.62
Micky Bedding,China,M,21,China Academy of Art,Accounting,1.58
Hobard Visco,Israel,F,41,Bar-Ilan University,Product Management,4.03
Gabrila Conkay,Germany,M,42,Katholische Universität Eichstätt,Support,3
Sashenka Bullard,Latvia,M,37,Latvian Maritime Academy,Sales,2.04
Arlin Sandon,Poland,F,21,Medical Academy in Lodz,Accounting,0.15
Catherin Barlthrop,China,M,35,Southwest Petroleum University,Business Development,2.56
Julio Phonix,Poland,M,46,Technical University of Cracow,Support,3.12
Dame Rustan,China,F,34,Luzhou Medical College,Training,3.51
Elsworth Jira,Tunisia,F,47,Instituts Supérieurs de Formation des Maîtres,Marketing,3.91
Clemmy McMychem,Ukraine,F,44,Donetsk State Medical University,Accounting,3.74
Blane Bodicum,China,M,21,Shandong University of Triaditional Chinese Medicine,Support,4.84
Rory Pendrid,Czech Republic,F,27,Technical University of Mining and Metallurgy Ostrava,Sales,1.14
Augustin Scarbarrow,Sweden,F,37,Linköping University,Product Management,4.63
Sheppard Ortas,Indonesia,M,26,STMIK Sinar Nusantara,Product Management,3.29
Ianthe Mc Harg,Philippines,M,49,Isabela State University,Marketing,4.5
Roi Paulmann,Canada,F,47,University of Guelph,Support,3.53
Kiel Langcaster,Indonesia,F,28,Universitas Pattimura,Training,2.17
Lucho Suscens,China,F,28,Liaoning University,Business Development,4.3
Tersina Eard,Czech Republic,M,50,University of New York in Prague,Sales,4.73
Siegfried Gurery,Mexico,M,43,Universidad Motolinía del Pedregal,Engineering,4.84
Vivyan Mayers,Georgia,F,33,International Blacksea University,Research and Development,3.7
Marcel Keune,Czech Republic,F,38,Charles University Prague,Product Management,2.6
Lou Jolin,Thailand,M,28,Burapha University,Business Development,0.52
Harriot MacSkeaghan,Nicaragua,M,26,Universidad de Managua (U de M),Human Resources,3.22
Jo-anne Boom,Indonesia,F,24,Institut Teknologi Adhi Tama Surabaya,Legal,3.97
Anatollo Hardiker,China,M,27,University of Science and Technology Beijing,Support,3.93
Sandy Emmins,China,M,20,Shanghai University of Engineering Science,Legal,1.43
Aurie Santore,Ukraine,M,40,Alfred Nobel University of Economics and Law ,Engineering,0.87
Elyn Belhomme,Spain,M,38,Universitat Oberta de Catalunya,Product Management,4.2
Manuel Witter,Syria,F,25,Syrian Virtual University,Sales,2.46
Zaneta Imeson,Japan,M,31,Niigata College of Pharmacy,Business Development,1.69
Jorgan Hendrick,Uzbekistan,F,46,Turin Polytechnic University In Tashkent,Human Resources,1.16
Jerrome Kment,Indonesia,F,24,Universitas Katolik Indonesia Atma Jaya,Services,2.55
Dionisio Bison,Colombia,F,31,Politécnico Grancolombiano - Institución Universitaria,Support,0.77
Alessandro Guyet,China,F,25,Harbin Engineering University,Human Resources,0.82
Miquela Tomsa,Peru,M,26,Universidad Nacional del Altiplano,Human Resources,0.19
Perri Yusupov,Chad,F,32,Université de N'Djamena,Support,0.24
Minda Restall,China,F,33,Jimei University,Business Development,0.91
Milzie Melsom,Philippines,M,46,Pangasinan State University,Human Resources,2.94
Gertrude Dymocke,Brazil,M,22,Pontificia Universidade Católica do Paraná,Training,3.6
Amalle Farren,Peru,M,38,Universidad Cientifica del Sur,Services,1.3
Delbert Bidgod,Indonesia,F,36,Universitas Katolik Soegijapranoto,Sales,0.36
Chase Monshall,Ukraine,F,25,Chernivci National University,Engineering,3.07
Grenville Cathee,Poland,M,28,Higher School o Business/National Louis University(WSB/NLU) in Nowy Sacz,Product Management,0.34
Byran Lonnon,Haiti,M,30,Université Quisqueya,Research and Development,0.31
Maurita Noah,Peru,F,29,Universidad Privada San Juan Bautista,Research and Development,4.77
Ruy Theze,Russia,M,49,St. Petersburg State Forest-Technical Academy,Services,1.65
Hervey Everett,Japan,M,20,Kobe Women's University,Research and Development,0.82
Wernher O'Brogan,Russia,F,26,Novosibirsk State Agricultural University,Product Management,3.32
Tessie Maudlen,Vietnam,F,36,Institute of Finance,Business Development,1.06
Ferdinande Joblin,Brazil,M,39,Universidade para o Desenvolvimento do Alto Vale do Itajaí,Support,3.65
Mendel Espinos,China,M,22,University of International Business and Economics,Marketing,2.68
Sandie Peteri,United States,F,21,California College San Diego,Human Resources,3.15
Florence Speke,Vietnam,M,36,Ho Chi Minh City University of Social Sciences and Humanities,Services,2.36
Ara Sidlow,Thailand,M,44,Mahamakut Buddhist University,Training,2.3
Frans Minnock,China,F,50,Guizhou Normal University,Services,2.42
Christina Rubinfajn,France,M,45,Ecole Européen des Affaires,Marketing,1.09
Balduin Faich,China,M,47,Nanjing University of Science and Technology,Product Management,2.75
Serene Stanbridge,China,M,23,Chongqing Vocational College of Public Transportation,Engineering,4.57
Beau Mandifield,Netherlands,M,27,Hogeschool Utrecht,Product Management,0.66
Sallee Begwell,China,F,39,Nankai University,Training,2.12
Lek Tamsett,France,M,45,Université de Caen Basse Normandie,Product Management,3.26
Wenona Langland,Portugal,M,49,Universidade Portucalense Infante D. Henrique,Marketing,1.12
Florence Blunn,China,M,47,Huazhong University of Science and Technology,Product Management,4.98
Janot Cutmere,Indonesia,M,29,Universitas Bojonegoro,Support,0.77
Aloysia Kellet,Morocco,M,37,Université Mohammed V - Souissi,Business Development,0.84
Hieronymus Mitcheson,Indonesia,F,24,Universitas Klabat,Human Resources,3.67
Doloritas Frugier,China,M,48,Xinjiang University,Legal,4.57
Ericha Bannard,Philippines,F,38,University of Nueva Caceres,Legal,3.42
Olivie Bulbrook,Vietnam,M,22,Hanoi University of Science & Technology,Legal,4.37
Emera Speedin,Russia,F,29,St. Petersburg State Cinema and TV University,Product Management,2.86
Shayla Swindle,Croatia,M,23,Zagreb School of Economics and Management,Business Development,4.99
Brocky Gamlen,Germany,F,25,Brandenburgische Technische Universität Cottbus,Human Resources,1.28
Cherin Fitzroy,China,F,45,Tianjin University of Finance & Economics,Product Management,1.59
Kennie Oxbrough,Argentina,M,25,Instituto Universitario de Ciencias de la Salud Fundación H.A. Barceló,Accounting,1.81
Greggory Couper,Guatemala,M,44,Universidad Rafael Landívar,Training,2.67
Caye Sweet,Ukraine,F,27,Donetsk National Technical University,Research and Development,0.68
Timmie Maddison,Colombia,F,20,Universidad Sergio Arboleda,Accounting,1.74
Mort Hawkswell,China,F,28,Xi'an Jiaotong University,Training,2.67
Winnie Biaggi,Senegal,M,25,Universite Amadou Hampaté Ba,Training,2.95
Jayne Mendez,Mongolia,F,35,Mongolian State University of Arts and Culture,Marketing,3.91
Rosaleen Fonzone,Russia,M,23,Tomsk State University of Architecture and Building,Engineering,0.93
Rosella Dick,China,F,39,Nanjing University of Traditional Chinese Medicine,Product Management,0.24
Kelcey Southgate,China,F,32,Shanghai Lida Polytechnic Institute,Human Resources,4.49
Lynn Showell,China,F,40,Xinjiang Agriculture University,Accounting,1.87
Ardeen Stairmand,Philippines,F,23,Bulacan State University,Marketing,1.73
Devonne Costa,Georgia,F,22,St. Andrew Georgian University,Legal,0.07
Adelice Jako,Indonesia,F,28,Universitas 17 Agustus 1945 Cirebon,Research and Development,0.89
